{
  "$schema": "https://schema.management.azure.com/schemas/2015-01-01/deploymentTemplate.json#",
  "contentVersion": "1.0.0.0",
  "parameters": {
    "nsgName": {
      "type": "string",
      "metadata": {
        "description": "Name of the network security group."
      }
    },
    "osType": {
      "type": "string",
      "allowedValues": [
        "Windows",
        "Linux"
      ],
      "metadata": {
        "description": "The type of the operating system you want to deploy."
      }
    },
    "location": {
      "type": "string",
      "defaultValue": "[resourceGroup().location]",
      "metadata": {
        "description": "Location for all resources."
      }
    }
  },
  "variables": {
    "osSecurityRules": {
      "Windows": [
        {
          "name": "RDP",
          "properties": {
            "description": "Allow RDP Subnet",
            "protocol": "Tcp",
            "sourcePortRange": "*",
            "destinationPortRange": "3389",
            "sourceAddressPrefix": "*",
            "destinationAddressPrefix": "*",
            "access": "Allow",
            "priority": 100,
            "direction": "Inbound"
          }
        }
      ],
      "Linux": [
        {
          "name": "SSH",
          "properties": {
            "description": "Allow SSH Subnet",
            "protocol": "Tcp",
            "sourcePortRange": "*",
            "destinationPortRange": "22",
            "sourceAddressPrefix": "*",
            "destinationAddressPrefix": "*",
            "access": "Allow",
            "priority": 100,
            "direction": "Inbound"
          }
        }
      ]
    },
    "selectedSecurityRules": "[variables('osSecurityRules')[parameters('osType')]]"
  },
  "resources": [
    {
      "type": "Microsoft.Network/networkSecurityGroups",
      "name": "[concat(parameters('nsgName'))]",
      "apiVersion": "2015-06-15",
      "location": "[parameters('location')]",
      "properties": {
        "securityRules": "[variables('selectedSecurityRules')]"
      }
    }
  ]
}
