{
  "$schema": "https://schema.management.azure.com/schemas/2015-01-01/deploymentTemplate.json#",
  "contentVersion": "1.0.0.0",
  "parameters": {
    "publicIpName": {
      "type": "string",
      "metadata": {
        "description": "Name of the public IP address."
      }
    },
    "publicIPAddressType": {
      "type": "string",
      "metadata": {
        "description": "Type of the public IP address, static or dynamic"
      }
    },
    "location": {
      "type": "string",
      "defaultValue": "[resourceGroup().location]",
      "metadata": {
        "description": "Location for all resources."
      }
    }
  },
  "variables": {},
  "resources": [
    {
      "type": "Microsoft.Network/publicIPAddresses",
      "name": "[parameters('publicIpName')]",
      "apiVersion": "2015-06-15",
      "location": "[parameters('location')]",
      "properties": {
        "publicIPAllocationMethod": "[parameters('publicIPAddressType')]"
      }
    }
  ]
}
