{
  "$schema": "https://schema.management.azure.com/schemas/2015-01-01/deploymentTemplate.json#",
  "contentVersion": "1.0.0.0",
  "parameters": {
    "imageSku": {
      "type": "string",
      "metadata": {
        "description": "SKU of the image that should be used to deploy the virtual machine."
      }
    },
    "imagePublisher": {
      "type": "string",
      "metadata": {
        "description": "Publisher of the image that should be used to deploy the virtual machine."
      }
    },
    "imageOffer": {
      "type": "string",
      "metadata": {
        "description": "Offer of the image that should be used to deploy the virtual machine."
      }
    },
    "imageVersion": {
      "type": "string",
      "defaultValue": "latest",
      "metadata": {
        "description": "SKU of the image that should be used to deploy the virtual machine."
      }
    },
    "osDiskType": {
      "type": "string",
      "allowedValues": [
        "image",
        "userImage",
        "osdisk"
      ],
      "metadata": {
        "description": "The type of OS disk."
      }
    },
    "osType": {
      "type": "string",
      "allowedValues": [
        "Windows",
        "Linux"
      ],
      "metadata": {
        "description": "The type of the operating system you want to deploy."
      }
    },
    "vmName": {
      "type": "string",
      "metadata": {
        "description": "Prefix of the virtual machine name."
      }
    },
    "storageType": {
      "type": "string",
      "defaultValue": "",
      "metadata": {
        "description": "The storage type that should be used for the virtual machine."
      }
    },
    "managedDiskId": {
      "type": "string",
      "defaultValue": "",
      "metadata": {
        "description": "Id of the managed disk."
      }
    },
    "location": {
      "type": "string",
      "defaultValue": "[resourceGroup().location]",
      "metadata": {
        "description": "Location for all resources."
      }
    }
  },
  "variables": {
    "osDiskCaching": "ReadWrite",
    "osDiskParts": {
      "image": {
        "imageReference": {
          "publisher": "[parameters('imagePublisher')]",
          "offer": "[parameters('imageOffer')]",
          "sku": "[parameters('imageSku')]",
          "version": "[parameters('imageVersion')]"
        },
        "osDisk": {
          "name": "[concat(parameters('vmName'), '-osdisk')]",
          "caching": "[variables('osDiskCaching')]",
          "createOption": "FromImage",
          "managedDisk": {
            "storageAccountType": "[parameters('storageType')]"
          }
        }
      },
      "userImage": {
        "imageReference": {
          "id": "[parameters('managedDiskId')]"
        },
        "osDisk": {
          "name": "[concat(parameters('vmName'), '-osdisk')]",
          "caching": "[variables('osDiskCaching')]",
          "createOption": "FromImage",
          "managedDisk": {
            "storageAccountType": "[parameters('storageType')]"
          }
        }
      },
      "osdisk": {
        "imageReference": null,
        "osDisk": {
          "name": "[concat(parameters('vmName'), '-osdisk')]",
          "osType": "[parameters('osType')]",
          "caching": "[variables('osDiskCaching')]",
          "createOption": "Attach",
          "managedDisk": {
            "id": "[parameters('managedDiskId')]"
          }
        }
      }
    }
  },
  "resources": [],
  "outputs": {
    "imageReference": {
      "value": "[variables('osDiskParts')[parameters('osDiskType')].imageReference]",
      "type": "object"
    },
    "osDisk": {
      "value": "[variables('osDiskParts')[parameters('osDiskType')].osDisk]",
      "type": "object"
    }
  }
}
