{
  "$schema": "https://schema.management.azure.com/schemas/2015-01-01/deploymentParameters.json#",
  "contentVersion": "1.0.0.0",
  "parameters": {
    "spClientId": {
      "value": "GEN-UNIQUE"
    },
    "spClientSecret": {
      "value": "GEN-PASSWORD"
    },
    "linuxAdminUsername": {
      "value": "GEN-UNIQUE"
    },
    "linuxAdminPassword": {
      "value": "GEN-PASSWORD"
    },
    "linuxSSHPublicKey": {
      "value": "GEN-SSH-PUB-KEY"
    },
    "cosmosDbName": {
      "value": "GEN-UNIQUE"
    },
    "acrName": {
      "value": "GEN-UNIQUE"
    },
    "jenkinsDnsPrefix": {
      "value": "GEN-UNIQUE"
    },
    "grafanaDnsPrefix": {
      "value": "GEN-UNIQUE"
    },
    "kubernetesDnsPrefix": {
      "value": "GEN-UNIQUE"
    },
    "kubernetesClusterName": {
      "value": "GEN-UNIQUE"
    }
  }
}
