{
  "appInsights": {
    "groupBy": "none",
    "metricName": "select",
    "timeGrainType": "auto"
  },
  "azureMonitor": {
    "aggOptions": [ "None", "Average", "Minimum", "Maximum", "Total", "Count" ],
    "aggregation": "Average",
    "alias": "{VM-NAME-PLACEHOLDER}",
    "dimension": "",
    "dimensionFilter": "*",
    "dimensions": [],
    "metricDefinition": "Microsoft.Compute/virtualMachines",
    "metricName": "Percentage CPU",
    "resourceGroup": "{RESOURCE-GROUP-PLACEHOLDER}",
    "resourceName": "{VM-NAME-PLACEHOLDER}",
    "timeGrain": "1",
    "timeGrainUnit": "minute"
  },
  "queryType": "Azure Monitor",
  "refId": "A"
}