{
    "title": "Database",
    "collapse": false,
    "height": 250,
    "panels": [
      {
        "aliasColors": {},
        "bars": false,
        "dashLength": 10,
        "dashes": false,
        "datasource": "Azure Monitor",
        "fill": 1,
        "legend": {
          "avg": false,
          "current": false,
          "max": false,
          "min": false,
          "show": true,
          "total": false,
          "values": false
        },
        "lines": true,
        "linewidth": 1,
        "links": [],
        "nullPointMode": "null",
        "percentage": false,
        "pointradius": 5,
        "points": false,
        "renderer": "flot",
        "seriesOverrides": [],
        "spaceLength": 10,
        "span": 12,
        "stack": false,
        "steppedLine": false,
        "targets": [
          {
            "appInsights": {
              "groupBy": "none",
              "metricName": "select",
              "timeGrainType": "auto"
            },
            "azureMonitor": {
              "aggOptions": [ "None", "Average", "Minimum", "Maximum", "Total", "Count" ],
              "aggregation": "Count",
              "alias": "CosmosDB",
              "dimension": "None",
              "dimensionFilter": "*",
              "dimensions": [
                {
                  "text": "None",
                  "value": "None"
                },
                {
                  "text": "DatabaseAccount",
                  "value": "GlobalDatabaseAccountName"
                },
                {
                  "text": "DatabaseName",
                  "value": "DatabaseName"
                },
                {
                  "text": "CollectionName",
                  "value": "CollectionName"
                },
                {
                  "text": "Region",
                  "value": "Region"
                },
                {
                  "text": "StatusCode",
                  "value": "StatusCode"
                }
              ],
              "metricDefinition": "Microsoft.DocumentDb/databaseAccounts",
              "metricName": "TotalRequests",
              "resourceGroup": "{RESOURCE-GROUP-PLACEHOLDER}",
              "resourceName": "{COSMOSDB-NAME-PLACEHOLDER}",
              "timeGrain": "1",
              "timeGrainUnit": "minute"
            },
            "queryType": "Azure Monitor",
            "refId": "A"
          }
        ],
        "thresholds": [],
        "timeFrom": null,
        "timeShift": null,
        "title": "Requests",
        "tooltip": {
          "shared": true,
          "sort": 0,
          "value_type": "individual"
        },
        "transparent": false,
        "type": "graph",
        "xaxis": {
          "buckets": null,
          "mode": "time",
          "name": null,
          "show": true,
          "values": []
        },
        "yaxes": [
          {
            "format": "short",
            "label": null,
            "logBase": 1,
            "max": null,
            "min": null,
            "show": true
          },
          {
            "format": "short",
            "label": null,
            "logBase": 1,
            "max": null,
            "min": null,
            "show": true
          }
        ]
      }
    ],
    "repeat": null,
    "repeatIteration": null,
    "repeatRowId": null,
    "showTitle": true,
    "titleSize": "h6"
  }