{
    "dashboard": {
      "schemaVersion": 14,
      "title": "Hello World Overview",
      "version": 0,
      "annotations": { "list": [] },
      "editable": true,
      "gnetId": null,
      "graphTooltip": 0,
      "hideControls": false,
      "links": [],
      "refresh": false,
      "rows": [],
      "style": "dark",
      "tags": [],
      "templating": { "list": [] },
      "time": {
        "from": "now-30m",
        "to": "now"
      },
      "timepicker": {
        "refresh_intervals": [ "5s", "10s", "30s", "1m", "5m", "15m", "30m", "1h", "2h", "1d" ],
        "time_options": [ "5m", "15m", "1h", "6h", "12h", "24h", "2d", "7d", "30d" ]
      },
      "timezone": ""
    },
    "overwrite": false
  }