{
  "$schema": "https://schema.management.azure.com/schemas/2015-01-01/deploymentTemplate.json#",
  "contentVersion": "1.0.0.0",
  "parameters": {
    "loadBalancerName": {
      "type": "string",
      "metadata": {
        "description": "The name of the the load balancer"
      }
    },
    "stackType": {
      "type": "string",
      "metadata": {
        "description": "The stack type of the SAP system."
      }
    },
    "ersASCSInstanceNumber": {
      "type": "int",
      "defaultValue": 2,
      "metadata": {
        "description": "The instance number of the ABAP ERS instance"
      }
    },
    "ersSCSInstanceNumber": {
      "type": "int",
      "defaultValue": 3,
      "metadata": {
        "description": "The instance number of the JAVA ERS instance"
      }
    },
    "subnetId": {
      "type": "string",
      "metadata": {
        "description": "The id of the subnet you want to use."
      }
    },
    "nicBackAddressPoolsArray": {
      "type": "array",
      "defaultValue": [],
      "metadata": {
        "description": "The array that contains the backaddress pools for the Network Interface creation"
      }
    },
    "frontendIPConfigurationsArray": {
      "type": "array",
      "defaultValue": [],
      "metadata": {
        "description": "The array that contains the frontend IP configurations for the Load Balancer creation"
      }
    },
    "backendAddressPoolsArray": {
      "type": "array",
      "defaultValue": [],
      "metadata": {
        "description": "The array that contains the backend address pools for the Load Balancer creation"
      }
    },
    "loadBalancingRulesArray": {
      "type": "array",
      "defaultValue": [],
      "metadata": {
        "description": "The array that contains the fload balancing rules for the Load Balancer creation"
      }
    },
    "probesArray": {
      "type": "array",
      "defaultValue": [],
      "metadata": {
        "description": "The array that contains the probes for the Load Balancer creation"
      }
    },
    "location": {
      "type": "string",
      "defaultValue": "[resourceGroup().location]",
      "metadata": {
        "description": "Location for all resources."
      }
    }
  },
  "variables": {},
  "resources": [],
  "outputs": {
    "nicBackAddressPools": {
      "value": [],
      "type": "array"
    },
    "frontendIPConfigurations": {
      "value": [],
      "type": "array"
    },
    "backendAddressPools": {
      "value": [],
      "type": "array"
    },
    "loadBalancingRules": {
      "value": [],
      "type": "array"
    },
    "probes": {
      "value": [],
      "type": "array"
    }
  }
}
