{
  "$schema": "https://schema.management.azure.com/schemas/2015-01-01/deploymentTemplate.json#",
  "contentVersion": "1.0.0.0",
  "parameters": {
    "vnetName": {
      "type": "string",
      "metadata": {
        "description": "Name of the Virtual Network."
      }
    },
    "addressPrefix": {
      "type": "string",
      "metadata": {
        "description": "IP Address prefix of the Virtual Network."
      }
    },
    "subnetName": {
      "type": "string",
      "metadata": {
        "description": "Name of the Virtual Network Subnet."
      }
    },
    "subnetPrefix": {
      "type": "string",
      "metadata": {
        "description": "IP Address prefix of the Virtual Network Subnet."
      }
    },
    "nsgName": {
      "type": "string",
      "metadata": {
        "description": "Name of the Network Security Group."
      }
    },
    "location": {
      "type": "string",
      "defaultValue": "[resourceGroup().location]",
      "metadata": {
        "description": "Location for all resources."
      }
    }
  },
  "variables": {},
  "resources": [
    {
      "type": "Microsoft.Network/virtualNetworks",
      "name": "[parameters('vnetName')]",
      "apiVersion": "2015-06-15",
      "location": "[parameters('location')]",
      "properties": {
        "addressSpace": {
          "addressPrefixes": [
            "[parameters('addressPrefix')]"
          ]
        },
        "subnets": [
          {
            "name": "[parameters('subnetName')]",
            "properties": {
              "addressPrefix": "[parameters('subnetPrefix')]",
              "networkSecurityGroup": {
                "id": "[resourceId('Microsoft.Network/networkSecurityGroups', parameters('nsgName'))]"
              }
            }
          }
        ]
      }
    }
  ]
}
