{

  "$schema": "https://schema.management.azure.com/schemas/2015-01-01/deploymentTemplate.json#",

  "contentVersion": "1.0.0.0",

  "parameters": {

    "batchAccountName": {

      "type": "string",

      "metadata": {

        "description": "Batch Account Name"

      }

    },

    "storageAccountsku": {

      "type": "string",

      "defaultValue": "Standard_LRS",

      "allowedValues": [

        "Standard_LRS",

        "Standard_GRS",

        "Standard_ZRS",

        "Premium_LRS"

      ],

      "metadata": {

        "description": "Storage Account type"

      }

    },

    "poolName":
    {
        "type": "string",
        "defaultValue": "testPool",
        "metadata": {
          "description": "Name for for machine Pool"
        }

    },

    "location": {

      "type": "string",

      "defaultValue": "[resourceGroup().location]",

      "metadata": {

        "description": "Location for all resources."

      }

    }

  },

  "variables": {

    "storageAccountName": "[concat(uniqueString(resourceGroup().id),'storage')]",
    "serverPublisher": "Canonical",
    "serverOffer": "UbuntuServer",
    "serverSku": "16.04.0-LTS",
    "serverSize": "Standard_A2_v2",
    "serverNodeAgent": "batch.node.ubuntu 16.04",
    "poolDedicatedNodes": 0,
    "poolLowPriNodes": 0
  },

  "resources": [

    {

      "type": "Microsoft.Storage/storageAccounts",

      "name": "[variables('storageAccountname')]",

      "apiVersion": "2016-01-01",

      "location": "[parameters('location')]",

      "comments": "This storage account is used to associate to a batch account",

      "sku": {

        "name": "[parameters('storageAccountsku')]"

      },

      "kind": "Storage",

      "tags": {

        "ObjectName": "[variables('storageAccountName')]"

      },

      "properties": {}

    },

    {

      "type": "Microsoft.Batch/batchAccounts",

      "name": "[parameters('batchAccountName')]",

      "apiVersion": "2015-12-01",

      "location": "[parameters('location')]",

      "tags": {

        "ObjectName": "[parameters('batchAccountName')]"

      },

      "properties": {

        "autoStorage": {

          "storageAccountId": "[resourceId('Microsoft.Storage/storageAccounts', variables('storageAccountName'))]"

        }

      },

      "dependsOn": [

        "[resourceId('Microsoft.Storage/storageAccounts', variables('storageAccountName'))]"

      ]

    },
    
    {
      "type": "Microsoft.Batch/batchAccounts/pools",
      "name": "[concat(parameters('batchAccountName'), '/', parameters('poolName'))]",
      "apiVersion": "2017-09-01",
      "properties": {
        "displayName": "[parameters('poolName')]",
        "vmSize": "[variables('serverSize')]",
        "deploymentConfiguration": {
          "virtualMachineConfiguration": {
            "imageReference": {
              "publisher": "[variables('serverPublisher')]",
              "offer": "[variables('serverOffer')]",
              "sku": "[variables('serverSku')]",
              "version": "latest"
            },
            "nodeAgentSkuId": "[variables('serverNodeAgent')]"
          }
        },
        "scaleSettings": {
          "fixedScale": {
            "targetDedicatedNodes": "[variables('poolDedicatedNodes')]",
            "targetLowPriorityNodes": "[variables('poolLowPriNodes')]"
          }
        }
      },
        "dependsOn": [
          "[concat('Microsoft.Batch/batchAccounts/', parameters('batchAccountName'))]"
        ]
    }
  ],

  "outputs": {

    "storageAccountName": {

      "type": "string",

      "value": "[variables('storageAccountName')]"

    },

    "batchAccountName": {

      "type": "string",

      "value": "[parameters('batchAccountName')]"

    }

  }

}