{
    "$schema": "https://schema.management.azure.com/schemas/2015-01-01/deploymentTemplate.json#",
    "contentVersion": "1.0.0.0",
    "parameters": {
        "databaseAccounts_my_cosmos_db_102032_name": {
            "defaultValue": null,
            "type": "SecureString"
        },
        "serverfarms_EastUSPlan_name": {
            "defaultValue": "EastUSPlan",
            "type": "String"
        },
        "sites_serverless_asdfasdf_name": {
            "defaultValue": "serverless-asdfasdf",
            "type": "String"
        },
        "components_serverless_asdfasdf_name": {
            "defaultValue": "serverless-asdfasdf",
            "type": "String"
        },
        "config_web_name": {
            "defaultValue": "web",
            "type": "String"
        },
        "storageAccounts_serverlessasdfab909_name": {
            "defaultValue": "serverlessasdfab909",
            "type": "String"
        },
        "storageAccounts_serverlessstorage10293_name": {
            "defaultValue": "serverlessstorage10293",
            "type": "String"
        },
        "databaseAccounts_my_cosmos_db_102032_name_1": {
            "defaultValue": "my-cosmos-db-102032",
            "type": "String"
        },
        "hostNameBindings_serverless_asdfasdf.azurewebsites.net_name": {
            "defaultValue": "serverless-asdfasdf.azurewebsites.net",
            "type": "String"
        }
    },
    "variables": {},
    "resources": [
        {
            "comments": "",
            "type": "Microsoft.DocumentDB/databaseAccounts",
            "kind": "GlobalDocumentDB",
            "name": "[parameters('databaseAccounts_my_cosmos_db_102032_name_1')]",
            "apiVersion": "2015-04-08",
            "location": "East US",
            "tags": {
                "defaultExperience": "Table"
            },
            "scale": null,
            "properties": {
                "databaseAccountOfferType": "Standard",
                "consistencyPolicy": {
                    "defaultConsistencyLevel": "BoundedStaleness",
                    "maxIntervalInSeconds": 86400,
                    "maxStalenessPrefix": 1000000
                },
                "name": "[parameters('databaseAccounts_my_cosmos_db_102032_name')]"
            },
            "dependsOn": []
        },
        {
            "comments": "",
            "type": "microsoft.insights/components",
            "kind": "web",
            "name": "[parameters('components_serverless_asdfasdf_name')]",
            "apiVersion": "2015-05-01",
            "location": "eastus",
            "tags": {
                "hidden-link:/subscriptions/2e12fe0d-f133-41c9-884d-d8ce74e6e3da/resourceGroups/serverlessRG/providers/Microsoft.Web/sites/serverless-asdfasdf": "Resource"
            },
            "scale": null,
            "properties": {
                "Application_Type": "web",
                "Flow_Type": null,
                "Request_Source": "IbizaWebAppExtensionCreate",
                "HockeyAppId": null,
                "SamplingPercentage": null
            },
            "dependsOn": []
        },
        {
            "comments": "",
            "type": "Microsoft.Storage/storageAccounts",
            "sku": {
                "name": "Standard_LRS",
                "tier": "Standard"
            },
            "kind": "Storage",
            "name": "[parameters('storageAccounts_serverlessasdfab909_name')]",
            "apiVersion": "2018-02-01",
            "location": "eastus",
            "tags": {},
            "scale": null,
            "properties": {
                "networkAcls": {
                    "bypass": "AzureServices",
                    "virtualNetworkRules": [],
                    "ipRules": [],
                    "defaultAction": "Allow"
                },
                "supportsHttpsTrafficOnly": false,
                "encryption": {
                    "services": {
                        "file": {
                            "enabled": true
                        },
                        "blob": {
                            "enabled": true
                        }
                    },
                    "keySource": "Microsoft.Storage"
                }
            },
            "dependsOn": []
        },
        {
            "comments": "",
            "type": "Microsoft.Storage/storageAccounts",
            "sku": {
                "name": "Standard_GRS",
                "tier": "Standard"
            },
            "kind": "StorageV2",
            "name": "[parameters('storageAccounts_serverlessstorage10293_name')]",
            "apiVersion": "2018-02-01",
            "location": "eastus",
            "tags": {},
            "scale": null,
            "properties": {
                "networkAcls": {
                    "bypass": "AzureServices",
                    "virtualNetworkRules": [],
                    "ipRules": [],
                    "defaultAction": "Allow"
                },
                "supportsHttpsTrafficOnly": false,
                "encryption": {
                    "services": {
                        "file": {
                            "enabled": true
                        },
                        "blob": {
                            "enabled": true
                        }
                    },
                    "keySource": "Microsoft.Storage"
                },
                "accessTier": "Hot"
            },
            "dependsOn": []
        },
        {
            "comments": "",
            "type": "Microsoft.Web/serverfarms",
            "sku": {
                "name": "Y1",
                "tier": "Dynamic",
                "size": "Y1",
                "family": "Y",
                "capacity": 0
            },
            "kind": "functionapp",
            "name": "[parameters('serverfarms_EastUSPlan_name')]",
            "apiVersion": "2016-09-01",
            "location": "East US",
            "scale": null,
            "properties": {
                "name": "[parameters('serverfarms_EastUSPlan_name')]",
                "workerTierName": null,
                "adminSiteName": null,
                "hostingEnvironmentProfile": null,
                "perSiteScaling": false,
                "reserved": false,
                "targetWorkerCount": 0,
                "targetWorkerSizeId": 0
            },
            "dependsOn": []
        },
        {
            "comments": "",
            "type": "Microsoft.Web/sites",
            "kind": "functionapp",
            "name": "[parameters('sites_serverless_asdfasdf_name')]",
            "apiVersion": "2016-08-01",
            "location": "East US",
            "scale": null,
            "properties": {
                "enabled": true,
                "hostNameSslStates": [
                    {
                        "name": "[concat(parameters('sites_serverless_asdfasdf_name'),'.azurewebsites.net')]",
                        "sslState": "Disabled",
                        "virtualIP": null,
                        "thumbprint": null,
                        "toUpdate": null,
                        "hostType": "Standard"
                    },
                    {
                        "name": "[concat(parameters('sites_serverless_asdfasdf_name'),'.scm.azurewebsites.net')]",
                        "sslState": "Disabled",
                        "virtualIP": null,
                        "thumbprint": null,
                        "toUpdate": null,
                        "hostType": "Repository"
                    }
                ],
                "serverFarmId": "[resourceId('Microsoft.Web/serverfarms', parameters('serverfarms_EastUSPlan_name'))]",
                "reserved": false,
                "siteConfig": null,
                "scmSiteAlsoStopped": false,
                "hostingEnvironmentProfile": null,
                "clientAffinityEnabled": false,
                "clientCertEnabled": false,
                "hostNamesDisabled": false,
                "containerSize": 1536,
                "dailyMemoryTimeQuota": 0,
                "cloningInfo": null
            },
            "dependsOn": [
                "[resourceId('Microsoft.Web/serverfarms', parameters('serverfarms_EastUSPlan_name'))]"
            ]
        },
        {
            "comments": "",
            "type": "Microsoft.Web/sites/config",
            "name": "[concat(parameters('sites_serverless_asdfasdf_name'), '/', parameters('config_web_name'))]",
            "apiVersion": "2016-08-01",
            "location": "East US",
            "scale": null,
            "properties": {
                "numberOfWorkers": 1,
                "defaultDocuments": [
                    "Default.htm",
                    "Default.html",
                    "Default.asp",
                    "index.htm",
                    "index.html",
                    "iisstart.htm",
                    "default.aspx",
                    "index.php"
                ],
                "netFrameworkVersion": "v4.0",
                "phpVersion": "5.6",
                "pythonVersion": "",
                "nodeVersion": "",
                "linuxFxVersion": "",
                "windowsFxVersion": null,
                "requestTracingEnabled": false,
                "remoteDebuggingEnabled": false,
                "remoteDebuggingVersion": null,
                "httpLoggingEnabled": false,
                "logsDirectorySizeLimit": 35,
                "detailedErrorLoggingEnabled": false,
                "publishingUsername": "$serverless-asdfasdf",
                "publishingPassword": null,
                "appSettings": null,
                "metadata": null,
                "connectionStrings": null,
                "machineKey": null,
                "handlerMappings": null,
                "documentRoot": null,
                "scmType": "None",
                "use32BitWorkerProcess": true,
                "webSocketsEnabled": false,
                "alwaysOn": false,
                "javaVersion": null,
                "javaContainer": null,
                "javaContainerVersion": null,
                "appCommandLine": "",
                "managedPipelineMode": "Integrated",
                "virtualApplications": [
                    {
                        "virtualPath": "/",
                        "physicalPath": "site\\wwwroot",
                        "preloadEnabled": false,
                        "virtualDirectories": null
                    }
                ],
                "winAuthAdminState": 0,
                "winAuthTenantState": 0,
                "customAppPoolIdentityAdminState": false,
                "customAppPoolIdentityTenantState": false,
                "runtimeADUser": null,
                "runtimeADUserPassword": null,
                "loadBalancing": "LeastRequests",
                "routingRules": [],
                "experiments": {
                    "rampUpRules": []
                },
                "limits": null,
                "autoHealEnabled": false,
                "autoHealRules": null,
                "tracingOptions": null,
                "vnetName": "",
                "siteAuthEnabled": false,
                "siteAuthSettings": {
                    "enabled": null,
                    "unauthenticatedClientAction": null,
                    "tokenStoreEnabled": null,
                    "allowedExternalRedirectUrls": null,
                    "defaultProvider": null,
                    "clientId": null,
                    "clientSecret": null,
                    "issuer": null,
                    "allowedAudiences": null,
                    "additionalLoginParams": null,
                    "isAadAutoProvisioned": false,
                    "googleClientId": null,
                    "googleClientSecret": null,
                    "googleOAuthScopes": null,
                    "facebookAppId": null,
                    "facebookAppSecret": null,
                    "facebookOAuthScopes": null,
                    "twitterConsumerKey": null,
                    "twitterConsumerSecret": null,
                    "microsoftAccountClientId": null,
                    "microsoftAccountClientSecret": null,
                    "microsoftAccountOAuthScopes": null
                },
                "cors": {
                    "allowedOrigins": [
                        "https://functions.azure.com",
                        "https://functions-staging.azure.com",
                        "https://functions-next.azure.com"
                    ]
                },
                "push": null,
                "apiDefinition": null,
                "autoSwapSlotName": null,
                "localMySqlEnabled": false,
                "managedServiceIdentityId": null,
                "xManagedServiceIdentityId": null,
                "ipSecurityRestrictions": null,
                "http20Enabled": false,
                "minTlsVersion": "1.0",
                "ftpsState": "AllAllowed"
            },
            "dependsOn": [
                "[resourceId('Microsoft.Web/sites', parameters('sites_serverless_asdfasdf_name'))]"
            ]
        },
        {
            "comments": "",
            "type": "Microsoft.Web/sites/hostNameBindings",
            "name": "[concat(parameters('sites_serverless_asdfasdf_name'), '/', parameters('hostNameBindings_serverless_asdfasdf.azurewebsites.net_name'))]",
            "apiVersion": "2016-08-01",
            "location": "East US",
            "scale": null,
            "properties": {
                "siteName": "serverless-asdfasdf",
                "domainId": null,
                "hostNameType": "Verified"
            },
            "dependsOn": [
                "[resourceId('Microsoft.Web/sites', parameters('sites_serverless_asdfasdf_name'))]"
            ]
        }
    ]
}