{
  "$schema": "https://schema.management.azure.com/schemas/2015-01-01/deploymentTemplate.json#",
  "contentVersion": "1.0.0.0",
  "parameters": {
    "sapSystemId": {
      "type": "string",
      "maxLength": 3,
      "minLength": 3,
      "metadata": {
        "description": "SAP System ID."
      }
    },
    "osType": {
      "type": "string",
      "allowedValues": [
        "Windows Server 2012 Datacenter",
        "Windows Server 2012 R2 Datacenter",
        "Windows Server 2016 Datacenter",
        "SLES 12 SP2",
        "SLES 12 SP2 BYOS",
        "SLES 12 SP3",
        "SLES 12 SP3 BYOS",
        "RHEL 7.4",
        "Oracle Linux 7.3",
        "Oracle Linux 7.4"
      ],
      "defaultValue": "Windows Server 2012 R2 Datacenter",
      "metadata": {
        "description": "The type of the operating system you want to deploy."
      }
    },
    "sapSystemSize": {
      "type": "string",
      "allowedValues": [
        "Small < 8.000 SAPS",
        "Medium < 16.000 SAPS",
        "Large < 32.000 SAPS",
        "X-Large < 64.000 SAPS"
      ],
      "defaultValue": "Small < 8.000 SAPS",
      "metadata": {
        "description": "The size of the SAP System you want to deploy."
      }
    },
    "adminUsername": {
      "type": "string",
      "metadata": {
        "description": "Username for the Virtual Machine."
      }
    },
    "adminPassword": {
      "type": "securestring",
      "minLength": 12,
      "metadata": {
        "description": "Password for the Virtual Machine."
      }
    },
    "subnetId": {
      "type": "string",
      "defaultValue": "",
      "metadata": {
        "description": "The id of the subnet you want to use."
      }
    },
    "_artifactsLocation": {
      "type": "string",
      "metadata": {
        "description": "The base URI where artifacts required by this template are located. When the template is deployed using the accompanying scripts, a private location in the subscription will be used and this value will be automatically generated."
      },
      "defaultValue": "https://raw.githubusercontent.com/Azure/azure-quickstart-templates/master/sap-2-tier-marketplace-image-md/"
    },
    "_artifactsLocationSasToken": {
      "type": "securestring",
      "metadata": {
        "description": "The sasToken required to access _artifactsLocation.  When the template is deployed using the accompanying scripts, a sasToken will be automatically generated."
      },
      "defaultValue": ""
    },
    "location": {
      "type": "string",
      "defaultValue": "[resourceGroup().location]",
      "metadata": {
        "description": "Location for all resources."
      }
    }
  },
  "variables": {
    "images": {
      "Windows Server 2012 Datacenter": {
        "sku": "2012-Datacenter",
        "offer": "WindowsServer",
        "publisher": "MicrosoftWindowsServer",
        "OSType": "Windows"
      },
      "Windows Server 2012 R2 Datacenter": {
        "sku": "2012-R2-Datacenter",
        "offer": "WindowsServer",
        "publisher": "MicrosoftWindowsServer",
        "OSType": "Windows"
      },
      "Windows Server 2016 Datacenter": {
        "sku": "2016-Datacenter",
        "offer": "WindowsServer",
        "publisher": "MicrosoftWindowsServer",
        "OSType": "Windows"
      },
      "SLES 12 SP2": {
        "sku": "12-SP2",
        "offer": "SLES-SAP",
        "publisher": "SUSE",
        "OSType": "Linux"
      },
      "SLES 12 SP2 BYOS": {
        "sku": "12-SP2",
        "offer": "SLES-SAP-BYOS",
        "publisher": "SUSE",
        "version": "latest",
        "OSType": "Linux",
        "Plan": {},
        "UsePlan": false
      },
      "SLES 12 SP3": {
        "sku": "12-SP3",
        "offer": "SLES-SAP",
        "publisher": "SUSE",
        "OSType": "Linux"
      },
      "SLES 12 SP3 BYOS": {
        "sku": "12-SP3",
        "offer": "SLES-SAP-BYOS",
        "publisher": "SUSE",
        "version": "latest",
        "OSType": "Linux",
        "Plan": {},
        "UsePlan": false
      },
      "RHEL 7.4": {
        "sku": "7.4",
        "offer": "RHEL-SAP",
        "publisher": "RedHat",
        "OSType": "Linux"
      },
      "Oracle Linux 7.3": {
        "sku": "7.3",
        "offer": "Oracle-Linux",
        "publisher": "Oracle",
        "version": "latest",
        "OSType": "Linux",
        "Plan": {},
        "UsePlan": false
      },
      "Oracle Linux 7.4": {
        "sku": "7.4",
        "offer": "Oracle-Linux",
        "publisher": "Oracle",
        "version": "latest",
        "OSType": "Linux",
        "Plan": {},
        "UsePlan": false
      }
    },
    "internalOSType": "[variables('images')[parameters('osType')].OSType]",
    "csExtension": {
      "Windows": {
        "script": "[concat(parameters('_artifactsLocation'), '/shared/noop.ps1', parameters('_artifactsLocationSasToken'))]",
        "scriptCall": "powershell.exe -ExecutionPolicy bypass -File .\\shared\\noop.ps1"
      },
      "Linux": {
        "script": "[concat(parameters('_artifactsLocation'), '/shared/noop.sh', parameters('_artifactsLocationSasToken'))]",
        "scriptCall": "sh noop.sh"
      }
    },
    "vmSizes": {
      "Small < 8.000 SAPS": {
        "size": "Standard_D8s_v3",
        "disks": [
          {
            "size": 512
          },
          {
            "size": 512
          },
          {
            "size": 128
          }
        ],
        "scriptArgs": " -DBDataLUNS '0,1' -DBLogLUNS '2'"
      },
      "Medium < 9.000 SAPS": {
        "size": "Standard_D16s_v3",
        "disks": [
          {
            "size": 512
          },
          {
            "size": 512
          },
          {
            "size": 512
          },
          {
            "size": 128
          }
        ],
        "scriptArgs": " -DBDataLUNS '0,1,2' -DBLogLUNS '3'"
      },
      "Large < 32.000 SAPS": {
        "size": "Standard_E32s_v3",
        "disks": [
          {
            "size": 512
          },
          {
            "size": 512
          },
          {
            "size": 512
          },
          {
            "size": 128
          }
        ],
        "scriptArgs": " -DBDataLUNS '0,1,2' -DBLogLUNS '3'"
      },
      "X-Large < 64.000 SAPS": {
        "size": "Standard_M64s",
        "disks": [
          {
            "size": 512
          },
          {
            "size": 512
          },
          {
            "size": 512
          },
          {
            "size": 512
          },
          {
            "size": 128
          }
        ],
        "scriptArgs": " -DBDataLUNS '0,1,2,3' -DBLogLUNS '4'"
      }
    },
    "dataDiskSizes": "[variables('vmSizes')[parameters('sapSystemSize')].disks]",
    "sidlower": "[toLower(parameters('sapSystemId'))]",
    "vmName": "[concat(variables('sidlower'), '-servercs')]",
    "vnetName": "[concat(variables('sidlower'), '-vnet')]",
    "publicIpName": "[concat(variables('sidlower'), '-pib')]",
    "nicName": "[concat(variables('sidlower'), '-nic')]",
    "nsgName": "[concat(variables('sidlower'), '-nsg-cs')]",
    "subnetName": "Subnet",
    "nestedDeploymentName": "nestedTemplate",
    "nestedDeploymentNameProf": "[concat(variables('nestedDeploymentName'), 'prof')]",
    "nestedDeploymentNameVnet": "[concat(variables('nestedDeploymentName'), 'vnet')]",
    "nestedDeploymentNameNSG": "[concat(variables('nestedDeploymentName'), 'nsg')]",
    "nestedDeploymentNameNIC": "[concat(variables('nestedDeploymentName'), 'nic')]",
    "nestedDeploymentNamePIP": "[concat(variables('nestedDeploymentName'), 'pip')]",
    "osDiskType": "image"
  },
  "resources": [
    {
      "apiVersion": "2017-05-10",
      "name": "[variables('nestedDeploymentNameVnet')]",
      "type": "Microsoft.Resources/deployments",
      "condition": "[equals(length(parameters('subnetId')), 0)]",
      "properties": {
        "mode": "Incremental",
        "templateLink": {
          "uri": "[concat(parameters('_artifactsLocation'), '/shared/newvnet.json', parameters('_artifactsLocationSasToken'))]",
          "contentVersion": "1.0.0.0"
        },
        "parameters": {
          "vnetName": {
            "value": "[variables('vnetName')]"
          },
          "addressPrefix": {
            "value": "10.0.0.0/16"
          },
          "subnetName": {
            "value": "[variables('subnetName')]"
          },
          "subnetPrefix": {
            "value": "10.0.0.0/24"
          }
        }
      }
    },
    {
      "apiVersion": "2017-05-10",
      "name": "[variables('nestedDeploymentNameNIC')]",
      "type": "Microsoft.Resources/deployments",
      "properties": {
        "mode": "Incremental",
        "templateLink": {
          "uri": "[concat(parameters('_artifactsLocation'), '/shared/nic-config.json', parameters('_artifactsLocationSasToken'))]",
          "contentVersion": "1.0.0.0"
        },
        "parameters": {
          "vnetName": {
            "value": "[variables('vnetName')]"
          },
          "subnetName": {
            "value": "[variables('subnetName')]"
          },
          "publicIpName": {
            "value": "[variables('publicIpName')]"
          },
          "nsgName": {
            "value": "[variables('nsgName')]"
          },
          "subnetId": {
            "value": "[parameters('subnetId')]"
          }
        }
      }
    },
    {
      "apiVersion": "2017-05-10",
      "name": "[variables('nestedDeploymentNameProf')]",
      "type": "Microsoft.Resources/deployments",
      "properties": {
        "mode": "Incremental",
        "templateLink": {
          "uri": "[concat(parameters('_artifactsLocation'), '/shared/os-disk-parts-md.json', parameters('_artifactsLocationSasToken'))]",
          "contentVersion": "1.0.0.0"
        },
        "parameters": {
          "imageSku": {
            "value": "[variables('images')[parameters('osType')].sku]"
          },
          "imagePublisher": {
            "value": "[variables('images')[parameters('osType')].publisher]"
          },
          "imageOffer": {
            "value": "[variables('images')[parameters('osType')].offer]"
          },
          "osDiskType": {
            "value": "[variables('osDiskType')]"
          },
          "osType": {
            "value": "[variables('internalOSType')]"
          },
          "vmName": {
            "value": "[variables('vmName')]"
          },
          "storageType": {
            "value": "Premium_LRS"
          },
          "managedDiskId": {
            "value": ""
          }
        }
      }
    },
    {
      "apiVersion": "2017-05-10",
      "name": "[variables('nestedDeploymentNamePIP')]",
      "type": "Microsoft.Resources/deployments",
      "condition": "[equals(length(parameters('subnetId')), 0)]",
      "properties": {
        "mode": "Incremental",
        "templateLink": {
          "uri": "[concat(parameters('_artifactsLocation'), '/shared/newpip.json', parameters('_artifactsLocationSasToken'))]",
          "contentVersion": "1.0.0.0"
        },
        "parameters": {
          "publicIpName": {
            "value": "[variables('publicIpName')]"
          },
          "publicIPAddressType": {
            "value": "Dynamic"
          }
        }
      }
    },
    {
      "apiVersion": "2017-05-10",
      "name": "[variables('nestedDeploymentNameNSG')]",
      "type": "Microsoft.Resources/deployments",
      "condition": "[equals(length(parameters('subnetId')), 0)]",
      "properties": {
        "mode": "Incremental",
        "templateLink": {
          "uri": "[concat(parameters('_artifactsLocation'), '/shared/newnsg.json', parameters('_artifactsLocationSasToken'))]",
          "contentVersion": "1.0.0.0"
        },
        "parameters": {
          "nsgName": {
            "value": "[variables('nsgName')]"
          },
          "osType": {
            "value": "[variables('internalOSType')]"
          }
        }
      }
    },
    {
      "type": "Microsoft.Network/networkInterfaces",
      "name": "[variables('nicName')]",
      "apiVersion": "2015-06-15",
      "location": "[parameters('location')]",
      "dependsOn": [
        "[concat('Microsoft.Resources/deployments/', variables('nestedDeploymentNameVnet'))]",
        "[concat('Microsoft.Resources/deployments/', variables('nestedDeploymentNameNIC'))]",
        "[concat('Microsoft.Resources/deployments/', variables('nestedDeploymentNamePIP'))]",
        "[concat('Microsoft.Resources/deployments/', variables('nestedDeploymentNameNSG'))]"
      ],
      "properties": {
        "networkSecurityGroup": "[reference(variables('nestedDeploymentNameNIC')).outputs.selectedConfiguration.value.networkSecurityGroup]",
        "ipConfigurations": [
          {
            "name": "ipconfig1",
            "properties": {
              "privateIPAllocationMethod": "Dynamic",
              "publicIPAddress": "[reference(variables('nestedDeploymentNameNIC')).outputs.selectedConfiguration.value.publicIPAddress]",
              "subnet": "[reference(variables('nestedDeploymentNameNIC')).outputs.selectedConfiguration.value.subnet]"
            }
          }
        ]
      }
    },
    {
      "apiVersion": "2017-05-10",
      "name": "[variables('nestedDeploymentName')]",
      "type": "Microsoft.Resources/deployments",
      "dependsOn": [
        "[concat('Microsoft.Resources/deployments/', variables('nestedDeploymentNameProf'))]",
        "[concat('Microsoft.Network/networkInterfaces/', variables('nicName'))]"
      ],
      "properties": {
        "mode": "Incremental",
        "templateLink": {
          "uri": "[concat(parameters('_artifactsLocation'), '/shared/server-md.json', parameters('_artifactsLocationSasToken'))]",
          "contentVersion": "1.0.0.0"
        },
        "parameters": {
          "imageReference": {
            "value": "[reference(variables('nestedDeploymentNameProf')).outputs.imageReference.value]"
          },
          "osDisk": {
            "value": "[reference(variables('nestedDeploymentNameProf')).outputs.osDisk.value]"
          },
          "osDiskType": {
            "value": "[variables('osDiskType')]"
          },
          "vmName": {
            "value": "[variables('vmName')]"
          },
          "vmSize": {
            "value": "[variables('vmSizes')[parameters('sapSystemSize')].size]"
          },
          "adminUsername": {
            "value": "[parameters('adminUsername')]"
          },
          "adminPassword": {
            "value": "[parameters('adminPassword')]"
          },
          "csExtensionScript": {
            "value": "[variables('csExtension')[variables('internalOSType')].script]"
          },
          "csExtensionscriptCall": {
            "value": "[variables('csExtension')[variables('internalOSType')].scriptCall]"
          },
          "csExtensionscriptArgs": {
            "value": "[variables('vmSizes')[parameters('sapSystemSize')].scriptArgs]"
          },
          "avSetObj": {
            "value": {}
          },
          "nicName": {
            "value": "[variables('nicName')]"
          },
          "dataDisksObj": {
            "value": {
              "copy": [
                {
                  "name": "dataDisks",
                  "count": "[length(variables('dataDiskSizes'))]",
                  "input": {
                    "lun": "[copyIndex('dataDisks')]",
                    "createOption": "Empty",
                    "diskSizeGB": "[variables('dataDiskSizes')[copyIndex('dataDisks')].size]"
                  }
                }
              ]
            }
          },
          "osType": {
            "value": "[variables('internalOSType')]"
          }
        }
      }
    }
  ]
}
