{
  "$schema": "https://aka.ms/azure-quickstart-templates-metadata-schema#",
  "itemDisplayName": "SAP NetWeaver 2-tier (managed disk)",
  "description": "This template allows you to deploy a VM using a operating system that is supported by SAP and Managed Disks.",
  "summary": "This template takes a minimum amount of parameters and deploys a 2-tier VM configuration that is customized for use with SAP NetWeaver using Managed Disks.",
  "githubUsername": "mssedusch",
  "dateUpdated": "2017-07-24"
}

