{
    "$schema": "https://schema.management.azure.com/schemas/2015-01-01/deploymentTemplate.json#",
    "contentVersion": "1.0.0.0",
    "parameters": {
        "sqlAdministratorLogin": {
            "type": "string",
            "metadata": {
              "description": "The admin user of the SQL Server"
            }
        },
        "sqlAdministratorLoginPassword": {
            "type": "securestring",
            "metadata": {
              "description": "The password of the admin user of the SQL Server"
            }
        }
    },
    "variables": {
        "hostingPlanName": "[concat('appService', uniqueString(resourceGroup().id))]",
        "webSiteName": "[concat('webApp', uniqueString(resourceGroup().id))]",
        "sqlserverName": "[concat('sqlserver', uniqueString(resourceGroup().id))]",
        "storageAccountName": "[concat('storage', uniqueString(resourceGroup().id))]",
        "appInsightsName": "[concat('appInsights', uniqueString(resourceGroup().id))]",
        "databaseName": "commerce_chatbot"
      },
    "resources": [
        {
            "name": "[variables('sqlserverName')]",
            "type": "Microsoft.Sql/servers",
            "location": "[resourceGroup().location]",
            "tags": {
              "displayName": "SqlServer"
            },
            "apiVersion": "2014-04-01",
            "properties": {
              "administratorLogin": "[parameters('sqlAdministratorLogin')]",
              "administratorLoginPassword": "[parameters('sqlAdministratorLoginPassword')]",
              "version": "12.0"
            },
            "resources": [
              {
                "name": "[variables('databaseName')]",
                "type": "databases",
                "location": "[resourceGroup().location]",
                "tags": {
                  "displayName": "Database"
                },
                "apiVersion": "2015-01-01",
                "dependsOn": [
                  "[variables('sqlserverName')]"
                ],
                "properties": {
                  "edition": "Basic",
                  "collation": "SQL_Latin1_General_CP1_CI_AS",
                  "maxSizeBytes": "1073741824",
                  "requestedServiceObjectiveName": "Basic"
                }
              },
              {
                "type": "firewallrules",
                "apiVersion": "2014-04-01",
                "dependsOn": [
                  "[variables('sqlserverName')]"
                ],
                "location": "[resourceGroup().location]",
                "name": "AllowAllWindowsAzureIps",
                "properties": {
                  "endIpAddress": "0.0.0.0",
                  "startIpAddress": "0.0.0.0"
                }
              }
            ]
        },
        {
            "type": "Microsoft.Insights/components",
            "kind": "web",
            "name": "[variables('appInsightsName')]",
            "apiVersion": "2015-05-01",
            "location": "[resourceGroup().location]",
            "properties": {
                "Application_Type": "web"
            },
            "dependsOn": []
        },
        {
            "type": "Microsoft.Storage/storageAccounts",
            "sku": {
                "name": "Standard_LRS",
                "tier": "Standard"
            },
            "kind": "Storage",
            "name": "[variables('storageAccountName')]",
            "apiVersion": "2018-02-01",
            "location": "[resourceGroup().location]",
            "properties": {
                "networkAcls": {
                    "bypass": "AzureServices",
                    "defaultAction": "Allow"
                },
                "supportsHttpsTrafficOnly": true,
                "encryption": {
                    "services": {
                        "file": {
                            "enabled": true
                        },
                        "blob": {
                            "enabled": true
                        }
                    },
                    "keySource": "Microsoft.Storage"
                }
            },
            "dependsOn": []
        },
        {
            "apiVersion": "2016-03-01",
            "name": "[variables('hostingPlanName')]",
            "type": "Microsoft.Web/serverfarms",
            "location": "[resourceGroup().location]",
            "tags": {
              "displayName": "HostingPlan"
            },
            "sku": {
              "name": "S1",
              "capacity": "1"
            },
            "properties": {
              "name": "[variables('hostingPlanName')]"
            }
          },
          {
            "apiVersion": "2016-03-01",
            "name": "[variables('webSiteName')]",
            "type": "Microsoft.Web/sites",
            "location": "[resourceGroup().location]",
            "dependsOn": [
              "[variables('hostingPlanName')]"
            ],
            "tags": {
              "[concat('hidden-related:', resourceId('Microsoft.Web/serverfarms', variables('hostingPlanName')))]": "empty",
              "displayName": "Website"
            },
            "properties": {
              "name": "[variables('webSiteName')]",
              "serverFarmId": "[resourceId('Microsoft.Web/serverfarms', variables('hostingPlanName'))]"
            },
            "resources": [
              {
                "apiVersion": "2016-03-01",
                "type": "config",
                "name": "connectionstrings",
                "dependsOn": [
                  "[variables('webSiteName')]"
                ],
                "properties": {
                  "DefaultConnection": {
                    "value": "[concat('Data Source=tcp:', reference(concat('Microsoft.Sql/servers/', variables('sqlserverName'))).fullyQualifiedDomainName, ',1433;Initial Catalog=', variables('databaseName'), ';User Id=', parameters('sqlAdministratorLogin'), '@', reference(concat('Microsoft.Sql/servers/', variables('sqlserverName'))).fullyQualifiedDomainName, ';Password=', parameters('sqlAdministratorLoginPassword'), ';')]",
                    "type": "SQLAzure"
                  }
                }
              }
            ]
        }
    ]
}